{
	"format_version": "1.8.0",
	"animations": {
		"animation.jualan_depan_masjid": {
			"loop": true,
			"animation_length": 8.70833,
			"bones": {
				"body": {
					"rotation": {
						"0.0": [0, 0, 0],
						"0.3333": [0, -17.5, 0],
						"1.375": [0, -17.5, 0],
						"1.8333": [0, 10, 0],
						"2.8333": [0, 10, 0],
						"3.375": [0, -2.5, 0],
						"4.7917": [0, -2.5, 0],
						"5.375": [0, 0, 0]
					}
				},
				"head": {
					"rotation": {
						"0.125": [0, 0, 0],
						"0.5": [7.79062, -19.93354, -1.03842],
						"1.5833": [7.79, -19.93, -1.04],
						"2.0417": [7.49369, 12.2965, 3.23462],
						"2.7083": [7.49, 12.3, 3.23],
						"3.25": [2.5587, -4.9624, -0.1072],
						"4.9167": [2.56, -4.96, -0.11],
						"5.5": [0, 0, 0]
					}
				}
			},
			"sound_effects": {
				"0.5": {
					"effect": "mob.villager.idle"
				},
				"2.1667": {
					"effect": "haggle"
				},
				"3.7083": {
					"effect": "no"
				},
				"5.1667": {
					"effect": "yes"
				}
			}
		}
	}
}