{
	"format_version": "1.8.0",
	"animations": {
		"animation.tempat_bayar_zakat.idle": {
			"loop": "hold_on_last_frame",
			"animation_length": 0.16667,
			"bones": {
				"leftArm": {
					"rotation": {
						"0.0": [0, 0, 0],
						"0.1667": [-55, 0, 0]
					}
				},
				"rightArm": {
					"rotation": {
						"0.0": [0, 0, 0],
						"0.1667": [-52.5, 0, 0]
					}
				}
			}
		},
		"animation.tempat_bayar_zakat.ngomong": {
			"animation_length": 1.45833,
			"bones": {
				"head": {
					"rotation": {
						"0.0": [0, 0, 0],
						"0.1667": [10, 0, 0],
						"0.2917": [2.50954, -4.99523, -0.21865],
						"0.4167": [7.48768, 2.44081, 0.75967],
						"0.5417": [2.4879, -2.55448, 0.54271],
						"0.6667": [0, 0, 0],
						"0.8333": [10, 0, 0],
						"0.9583": [2.50954, -4.99523, -0.21865],
						"1.0833": [7.48768, 2.44081, 0.75967],
						"1.2083": [2.4879, -2.55448, 0.54271],
						"1.4583": [0, 0, 0]
					}
				}
			}
		},
		"animation.tempat_bayar_zakat.nyatat": {
			"animation_length": 2.125,
			"bones": {
				"leftArm": {
					"rotation": {
						"0.0": [0, 0, 0],
						"0.1667": [-53.49762, 21.07593, 10.5634],
						"0.2917": [-49.66239, 9.05478, -0.73825],
						"0.4167": [-47.43072, 34.22348, 13.86452],
						"0.5417": [-53.49762, 21.07593, 10.5634],
						"0.6667": [-49.66239, 9.05478, -0.73825],
						"0.7917": [-47.43072, 34.22348, 13.86452],
						"0.9167": [-53.49762, 21.07593, 10.5634],
						"1.0417": [-49.66239, 9.05478, -0.73825],
						"1.1667": [-47.43072, 34.22348, 13.86452],
						"1.3333": [-53.49762, 21.07593, 10.5634],
						"1.4583": [-49.66239, 9.05478, -0.73825],
						"1.5833": [-47.43072, 34.22348, 13.86452],
						"1.75": [-53.49762, 21.07593, 10.5634],
						"1.875": [-49.66239, 9.05478, -0.73825],
						"2.0": [-47.43072, 34.22348, 13.86452],
						"2.125": [0, 0, 0]
					}
				},
				"rightArm": {
					"rotation": {
						"0.0": [0, 0, 0],
						"0.2083": [-50, 0, 12.5],
						"2.0": [-50, 0, 12.5],
						"2.125": [0, 0, 0]
					}
				},
				"head": {
					"rotation": {
						"0.0": [0, 0, 0],
						"0.2083": [27.5, 0, 0],
						"2.0": [27.5, 0, 0],
						"2.125": [0, 0, 0]
					}
				}
			}
		}
	}
}